{"cameraMode":{"drawMode":0,"name":"Shaded","section":"Shading Mode"},"sceneLighting":true,"audioPlay":false,"sceneViewState":{"m_AlwaysRefresh":false,"showFog":true,"showSkybox":true,"showFlares":true,"showImageEffects":true,"showParticleSystems":true,"showVisualEffectGraphs":true,"m_FxEnabled":true},"in2DMode":false,"pivot":{"x":8.841117858886719,"y":4.332244873046875,"z":-12.346785545349121},"rotation":{"x":0.06679533421993256,"y":-0.9308935403823853,"z":0.21777822077274323,"w":0.2855255603790283},"size":3.0016772747039797,"orthographic":false}